{"cameraMode":{"drawMode":0,"name":"Shaded","section":"Shading Mode"},"sceneLighting":true,"audioPlay":false,"sceneViewState":{"m_AlwaysRefresh":false,"showFog":true,"showSkybox":false,"showFlares":true,"showImageEffects":true,"showParticleSystems":true,"showVisualEffectGraphs":true,"m_FxEnabled":true},"in2DMode":false,"pivot":{"x":49.279781341552737,"y":-7.037193298339844,"z":2.0239057540893556},"rotation":{"x":-0.1437653750181198,"y":-0.024641944095492364,"z":0.0035812866408377887,"w":-0.9893027544021606},"size":8.907123565673829,"orthographic":false}